{
  "Disabled": false,
  "Testing": false,
  "ScheduledForDeletion": false,
  "InstalledFromUrl": "",
  "IsThirdParty": false,
  "EffectiveVersion": "0.1.0.0",
  "IsAvailableForTesting": false,
  "Author": "Grinjr",
  "Name": "Immersive Flavor Text",
  "Punchline": "It provides more immersive flavor text.",
  "Description": "My garbage quality plugin to help me learn how to work with Dalamud.\r\nSomewhat of a RP toolkit, so far it only provides immersive flavor text.",
  "Changelog": null,
  "Tags": [
    "roleplay",
    "plugin"
  ],
  "CategoryTags": null,
  "IsHide": false,
  "InternalName": "RPToolkit",
  "AssemblyVersion": "0.1.0.0",
  "TestingAssemblyVersion": null,
  "IsTestingExclusive": false,
  "RepoUrl": null,
  "ApplicableVersion": "any",
  "DalamudApiLevel": 7,
  "DownloadCount": 0,
  "LastUpdate": 0,
  "DownloadLinkInstall": null,
  "DownloadLinkUpdate": null,
  "DownloadLinkTesting": null,
  "LoadRequiredState": 0,
  "LoadSync": false,
  "LoadPriority": 0,
  "CanUnloadAsync": false,
  "ImageUrls": [],
  "IconUrl": "https://cdn.iconscout.com/icon/free/png-256/rain-drops-1671402-1422407.png",
  "AcceptsFeedback": true,
  "FeedbackMessage": null,
  "_isDip17Plugin": false,
  "_Dip17Channel": null
}