{
  "Author": "Clover",
  "Name": "Immersive Flavor Text",
  "InternalName": "RPToolkit",
  "AssemblyVersion": "0.1.0.0",
  "Description": "My garbage quality plugin to help me learn how to work with Dalamud.\r\nSomewhat of a RP toolkit, so far it only provides immersive flavor text.\r\n\r\n/umbrella : Takes out your umbrella.\r\n/pickpocket : Pickpockets target for random amount of gil.",
  "ApplicableVersion": "any",
  "Tags": [
    "roleplay",
    "plugin"
  ],
  "DalamudApiLevel": 7,
  "LoadPriority": 0,
  "ImageUrls": [],
  "IconUrl": "https://cdn.iconscout.com/icon/free/png-256/rain-drops-1671402-1422407.png",
  "Punchline": "It provides more immersive flavor text."
}